fec_date,amount,vendor,city,state,purpose
2026-03-16,793.34,LIDO HOUSE,NEWPORT BEACH,CA,TRAVEL
2026-03-16,687.75,USPS,MARION,IA,POSTAGE
2026-03-16,620.34,FAIRFIELD INN,WATERLOO,IA,TRAVEL
2026-03-16,486.44,THE WARRIOR HOTEL,ST LOUIS,MO,TRAVEL
2026-03-16,469.04,BUDGET CAR RENTAL,CEDAR RAPIDS,IA,TRAVEL
2026-03-16,413.40,ALASKA AIRLINES,SEATTLE,WA,TRAVEL
2026-03-16,325.77,SEAFOOD BAR,PALM BEACH,FL,FOOD/BEVERAGE
2026-03-16,301.20,DELTA AIR LINES,ATLANTA,GA,TRAVEL
2026-03-16,252.27,SONOMA,WASHINGTON,DC,FOOD/BEVERAGE
2026-03-16,201.25,STORAGE DEPOT,HIAWATHA,IA,RENT
2026-03-16,149.99,AMERICAN AIRLINES,FORT WORTH,TX,TRAVEL
2026-03-16,131.30,LYFT,SAN FRANCISCO,CA,TRAVEL
2026-03-16,130.12,ALLIANT ENERGY,CEDAR RAPIDS,IA,UTILITIES
2026-03-16,122.71,COSTCO,SAN FRANCISCO,CA,OFFICE SUPPLIES
2026-03-16,100.10,AMAZON,SEATTLE,WA,OFFICE SUPPLIES
2026-03-16,99.91,CASEYS,LE MARS,IA,TRAVEL
2026-03-16,92.65,COPYWORKS,CEDAR RAPIDS,IA,PRINTING
2026-03-16,56.53,THE BAKERY ON BROADWAY,AUDUBON,IA,FOOD/BEVERAGE
2026-03-16,42.30,KWIK STAR,WEBSTER CITY,IA,TRAVEL
2026-03-16,31.68,TABLE 32,SIOUX CITY,IA,FOOD/BEVERAGE
2026-03-16,21.83,SCOOTERS,LE MARS,IA,FOOD/BEVERAGE
2026-03-16,16.83,AMOCO,WARRENVILLE,IL,TRAVEL
2026-03-16,12.00,UNITED AIRLINES,HOUSTON,TX,TRAVEL
2026-03-16,9.49,THE COFFEE SHOP,MILFORD,IA,FOOD/BEVERAGE
