fec_date,amount,property,city,state,purpose,entry_type,transaction_id,article_month_claim
2021-07-09,523.30,NEMACOLIN RESORT,FARMINGTON,PA,TRAVEL,direct payment,SB17.10015,July 2021
2022-04-01,500.00,THE PENINUSULA,BEVERLY HILLS,CA,TRAVEL,direct payment,SB17.10020,April 2022
2022-04-15,100.00,THE PENINUSULA,BEVERLY HILLS,CA,TRAVEL,direct payment,SB17.10069,April 2022
2022-04-27,2784.71,THE PENINUSULA,BEVERLY HILLS,CA,TRAVEL,direct payment,SB17.10105,April 2022
2022-08-24,549.09,STEIN ERIKSEN LODGE,PARK CITY,UT,TRAVEL,direct payment,SB17.10236,August 2022
2024-02-09,565.77,WYNN RESORTS,LAS VEGAS,NV,TRAVEL,direct payment,SB17.10086,February 2024
2024-08-30,1520.27,FONTAINBLEAU,LAS VEGAS,NV,TRAVEL,direct payment,SB17.10156,August 2024
2025-08-15,778.97,OMNI HOMESTEAD RESORT,HOT SPRINGS,VA,TRAVEL,statement batch (memo),SB17.20029,August 2025
2026-02-05,1443.75,THE BREAKERS,PALM BEACH,FL,TRAVEL,direct payment,SB17.10113,February 2026
2026-03-16,793.34,LIDO HOUSE,NEWPORT BEACH,CA,TRAVEL,statement batch (memo),SB17.20044,March 2026
